products,product_url,product_name,overall_rate,cat,cat_1,cat_2,cat_3,favorite,date,timing,num_like,review_stars,comment
3,https://shopee.co.th/%E0%B9%80%E0%B8%84%E0%B8%A3%E0%B8%B7%E0%B9%88%E0%B8%AD%E0%B8%87%E0%B8%86%E0%B9%88%E0%B8%B2%E0%B9%80%E0%B8%8A%E0%B8%B7%E0%B9%89%E0%B8%AD%E0%B9%82%E0%B8%A3%E0%B8%84%E0%B8%97%E0%B8%B5%E0%B8%94%E0%B8%B5%E0%B8%81%E0%B8%A7%E0%B9%88%E0%B8%B2%E0%B9%80%E0%B8%84%E0%B8%A3%E0%B8%B7%E0%B9%88%E0%B8%AD%E0%B8%87%E0%B8%99%E0%B8%B6%E0%B9%88%E0%B8%87-Saker3in1-%E0%B9%83%E0%B8%99%E0%B9%80%E0%B8%84%E0%B8%A3%E0%B8%B7%E0%B9%88%E0%B8%AD%E0%B8%87%E0%B9%80%E0%B8%94%E0%B8%B5%E0%B8%A2%E0%B8%A7-%E0%B9%80%E0%B8%84%E0%B8%A3%E0%B8%B7%E0%B9%88%E0%B8%AD%E0%B8%87%E0%B8%86%E0%B9%88%E0%B8%B2%E0%B9%80%E0%B8%8A%E0%B8%B7%E0%B9%89%E0%B8%AD-%E0%B8%AD%E0%B8%9A%E0%B9%81%E0%B8%AB%E0%B9%89%E0%B8%87-%E0%B8%A5%E0%B8%94%E0%B8%81%E0%B8%A5%E0%B8%B4%E0%B9%88%E0%B8%99%E0%B8%AD%E0%B8%B1%E0%B8%9A-3in1%E0%B9%84%E0%B8%8B%E0%B8%8B%E0%B9%8C-L-%E0%B8%86%E0%B9%88%E0%B8%B2%E0%B9%84%E0%B8%94%E0%B9%8999.99--i.10768167.6632705900?sp_atk=59a63737-e82c-49b1-9d88-82d8bef912cb&xptdk=59a63737-e82c-49b1-9d88-82d8bef912cb,เครื่องฆ่าเชื้อโรคทีดีกว่าเครื่องนึ่ง Saker3in1 ในเครื่องเดียว เครื่องฆ่าเชื้อ+อบแห้ง+ลดกลิ่นอับ 3in1ไซซ์ L ฆ่าได้99.99%,4.9,กล่องฆ่าเชื้อโรค,Baby & Toys,Baby Equipment,Warmers & Sterilizers,1400,2023-01-09,16:03,0,5,ทางร้านแพ็คสินค้ามาอย่างดี จัดส่งรวดเร็ว
5,https://shopee.co.th/%E0%B9%80%E0%B8%94%E0%B8%97%E0%B8%95%E0%B8%AD%E0%B8%A5-%E0%B9%84%E0%B8%AE%E0%B8%A2%E0%B8%B5%E0%B8%99-%E0%B8%A1%E0%B8%B1%E0%B8%A5%E0%B8%95%E0%B8%B4-%E0%B8%A2%E0%B8%B9%E0%B8%AA-%E0%B8%94%E0%B8%B4%E0%B8%AA%E0%B8%AD%E0%B8%B4%E0%B8%99%E0%B9%81%E0%B8%9F%E0%B8%84%E0%B9%81%E0%B8%97%E0%B8%99%E0%B8%97%E0%B9%8C-%E0%B8%9C%E0%B8%A5%E0%B8%B4%E0%B8%95%E0%B8%A0%E0%B8%B1%E0%B8%93%E0%B8%91%E0%B9%8C%E0%B8%86%E0%B9%88%E0%B8%B2%E0%B9%80%E0%B8%8A%E0%B8%B7%E0%B9%89%E0%B8%AD%E0%B9%82%E0%B8%A3%E0%B8%84%E0%B8%AD%E0%B9%80%E0%B8%99%E0%B8%81%E0%B8%9B%E0%B8%A3%E0%B8%B0%E0%B8%AA%E0%B8%87%E0%B8%84%E0%B9%8C-100-%E0%B8%A1%E0%B8%A5.-Dettol-Hygiene-Multi-Use-Disinfectant-i.62467035.20867791624?sp_atk=bc1d4c20-34d0-4dda-8b35-ae5f933a1c8e&xptdk=bc1d4c20-34d0-4dda-8b35-ae5f933a1c8e,เดทตอล ไฮยีน มัลติ-ยูส ดิสอินแฟคแทนท์ ผลิตภัณฑ์ฆ่าเชื้อโรคอเนกประสงค์ 100 มล. Dettol Hygiene Multi-Use Disinfectant,4.9,กล่องฆ่าเชื้อโรค,Home & Living,Laundry Supplies & Cleaning Equipments,Detergent,36,2023-03-30,00:01,0,5,สั่งร้านนี้ไม่รู้เป็นรอบที่เท่าไหร่แล้ว ได้รับของเร็วมากกกกกกก สินค้าใช้ดี ห่อแพ็คมาดี มีกันกระแทก ของครบไม่มีเสียหาย ใช้ดีทุกอย่างเลย ราคาก็ถูกเกินคุ้ม
5,https://shopee.co.th/%E0%B9%80%E0%B8%94%E0%B8%97%E0%B8%95%E0%B8%AD%E0%B8%A5-%E0%B9%84%E0%B8%AE%E0%B8%A2%E0%B8%B5%E0%B8%99-%E0%B8%A1%E0%B8%B1%E0%B8%A5%E0%B8%95%E0%B8%B4-%E0%B8%A2%E0%B8%B9%E0%B8%AA-%E0%B8%94%E0%B8%B4%E0%B8%AA%E0%B8%AD%E0%B8%B4%E0%B8%99%E0%B9%81%E0%B8%9F%E0%B8%84%E0%B9%81%E0%B8%97%E0%B8%99%E0%B8%97%E0%B9%8C-%E0%B8%9C%E0%B8%A5%E0%B8%B4%E0%B8%95%E0%B8%A0%E0%B8%B1%E0%B8%93%E0%B8%91%E0%B9%8C%E0%B8%86%E0%B9%88%E0%B8%B2%E0%B9%80%E0%B8%8A%E0%B8%B7%E0%B9%89%E0%B8%AD%E0%B9%82%E0%B8%A3%E0%B8%84%E0%B8%AD%E0%B9%80%E0%B8%99%E0%B8%81%E0%B8%9B%E0%B8%A3%E0%B8%B0%E0%B8%AA%E0%B8%87%E0%B8%84%E0%B9%8C-100-%E0%B8%A1%E0%B8%A5.-Dettol-Hygiene-Multi-Use-Disinfectant-i.62467035.20867791624?sp_atk=bc1d4c20-34d0-4dda-8b35-ae5f933a1c8e&xptdk=bc1d4c20-34d0-4dda-8b35-ae5f933a1c8e,เดทตอล ไฮยีน มัลติ-ยูส ดิสอินแฟคแทนท์ ผลิตภัณฑ์ฆ่าเชื้อโรคอเนกประสงค์ 100 มล. Dettol Hygiene Multi-Use Disinfectant,4.9,กล่องฆ่าเชื้อโรค,Home & Living,Laundry Supplies & Cleaning Equipments,Detergent,36,2023-02-19,15:21,0,5,"เดทตอล ไฮยีน มัลติ-ยูส ดิสอินแฟคแทนท์ ผลิตภัณฑ์ฆ่าเชื้อโรคอเนกประสงค์  Dettol Hygiene Multi-Use Disinfectan

🌱รายละเอียด🌱
    - สำหรับเช็ดฆ่าเชื้อแบคทีเรียพื้นและพื้นผิวทั่วไป
    - สำหรับฆ่าเชื้อแบคทีเรียและเชื้อราห้องน้ำ, อ่างล้างหน้า, อ่างอาบน้ำ"
5,https://shopee.co.th/%E0%B9%80%E0%B8%94%E0%B8%97%E0%B8%95%E0%B8%AD%E0%B8%A5-%E0%B9%84%E0%B8%AE%E0%B8%A2%E0%B8%B5%E0%B8%99-%E0%B8%A1%E0%B8%B1%E0%B8%A5%E0%B8%95%E0%B8%B4-%E0%B8%A2%E0%B8%B9%E0%B8%AA-%E0%B8%94%E0%B8%B4%E0%B8%AA%E0%B8%AD%E0%B8%B4%E0%B8%99%E0%B9%81%E0%B8%9F%E0%B8%84%E0%B9%81%E0%B8%97%E0%B8%99%E0%B8%97%E0%B9%8C-%E0%B8%9C%E0%B8%A5%E0%B8%B4%E0%B8%95%E0%B8%A0%E0%B8%B1%E0%B8%93%E0%B8%91%E0%B9%8C%E0%B8%86%E0%B9%88%E0%B8%B2%E0%B9%80%E0%B8%8A%E0%B8%B7%E0%B9%89%E0%B8%AD%E0%B9%82%E0%B8%A3%E0%B8%84%E0%B8%AD%E0%B9%80%E0%B8%99%E0%B8%81%E0%B8%9B%E0%B8%A3%E0%B8%B0%E0%B8%AA%E0%B8%87%E0%B8%84%E0%B9%8C-100-%E0%B8%A1%E0%B8%A5.-Dettol-Hygiene-Multi-Use-Disinfectant-i.62467035.20867791624?sp_atk=bc1d4c20-34d0-4dda-8b35-ae5f933a1c8e&xptdk=bc1d4c20-34d0-4dda-8b35-ae5f933a1c8e,เดทตอล ไฮยีน มัลติ-ยูส ดิสอินแฟคแทนท์ ผลิตภัณฑ์ฆ่าเชื้อโรคอเนกประสงค์ 100 มล. Dettol Hygiene Multi-Use Disinfectant,4.9,กล่องฆ่าเชื้อโรค,Home & Living,Laundry Supplies & Cleaning Equipments,Detergent,36,2023-01-11,21:33,0,5,ทางร้านมีการห่อมาให้อย่างดี ทางร้านใส่ใจมากๆ ชอบมากๆ สินค้ายังไม่ได้ถูกเปิดมาก็ก่อน
5,https://shopee.co.th/%E0%B9%80%E0%B8%94%E0%B8%97%E0%B8%95%E0%B8%AD%E0%B8%A5-%E0%B9%84%E0%B8%AE%E0%B8%A2%E0%B8%B5%E0%B8%99-%E0%B8%A1%E0%B8%B1%E0%B8%A5%E0%B8%95%E0%B8%B4-%E0%B8%A2%E0%B8%B9%E0%B8%AA-%E0%B8%94%E0%B8%B4%E0%B8%AA%E0%B8%AD%E0%B8%B4%E0%B8%99%E0%B9%81%E0%B8%9F%E0%B8%84%E0%B9%81%E0%B8%97%E0%B8%99%E0%B8%97%E0%B9%8C-%E0%B8%9C%E0%B8%A5%E0%B8%B4%E0%B8%95%E0%B8%A0%E0%B8%B1%E0%B8%93%E0%B8%91%E0%B9%8C%E0%B8%86%E0%B9%88%E0%B8%B2%E0%B9%80%E0%B8%8A%E0%B8%B7%E0%B9%89%E0%B8%AD%E0%B9%82%E0%B8%A3%E0%B8%84%E0%B8%AD%E0%B9%80%E0%B8%99%E0%B8%81%E0%B8%9B%E0%B8%A3%E0%B8%B0%E0%B8%AA%E0%B8%87%E0%B8%84%E0%B9%8C-100-%E0%B8%A1%E0%B8%A5.-Dettol-Hygiene-Multi-Use-Disinfectant-i.62467035.20867791624?sp_atk=bc1d4c20-34d0-4dda-8b35-ae5f933a1c8e&xptdk=bc1d4c20-34d0-4dda-8b35-ae5f933a1c8e,เดทตอล ไฮยีน มัลติ-ยูส ดิสอินแฟคแทนท์ ผลิตภัณฑ์ฆ่าเชื้อโรคอเนกประสงค์ 100 มล. Dettol Hygiene Multi-Use Disinfectant,4.9,กล่องฆ่าเชื้อโรค,Home & Living,Laundry Supplies & Cleaning Equipments,Detergent,36,2023-04-08,15:05,0,5,ประสิทธิภาพ: ดีได้สินค้าครบตามที่สั่ง​ ทางร้านแพ็คสินค้ามาอย่างดีได้ของตามที่สั่งค่ะ
5,https://shopee.co.th/%E0%B9%80%E0%B8%94%E0%B8%97%E0%B8%95%E0%B8%AD%E0%B8%A5-%E0%B9%84%E0%B8%AE%E0%B8%A2%E0%B8%B5%E0%B8%99-%E0%B8%A1%E0%B8%B1%E0%B8%A5%E0%B8%95%E0%B8%B4-%E0%B8%A2%E0%B8%B9%E0%B8%AA-%E0%B8%94%E0%B8%B4%E0%B8%AA%E0%B8%AD%E0%B8%B4%E0%B8%99%E0%B9%81%E0%B8%9F%E0%B8%84%E0%B9%81%E0%B8%97%E0%B8%99%E0%B8%97%E0%B9%8C-%E0%B8%9C%E0%B8%A5%E0%B8%B4%E0%B8%95%E0%B8%A0%E0%B8%B1%E0%B8%93%E0%B8%91%E0%B9%8C%E0%B8%86%E0%B9%88%E0%B8%B2%E0%B9%80%E0%B8%8A%E0%B8%B7%E0%B9%89%E0%B8%AD%E0%B9%82%E0%B8%A3%E0%B8%84%E0%B8%AD%E0%B9%80%E0%B8%99%E0%B8%81%E0%B8%9B%E0%B8%A3%E0%B8%B0%E0%B8%AA%E0%B8%87%E0%B8%84%E0%B9%8C-100-%E0%B8%A1%E0%B8%A5.-Dettol-Hygiene-Multi-Use-Disinfectant-i.62467035.20867791624?sp_atk=bc1d4c20-34d0-4dda-8b35-ae5f933a1c8e&xptdk=bc1d4c20-34d0-4dda-8b35-ae5f933a1c8e,เดทตอล ไฮยีน มัลติ-ยูส ดิสอินแฟคแทนท์ ผลิตภัณฑ์ฆ่าเชื้อโรคอเนกประสงค์ 100 มล. Dettol Hygiene Multi-Use Disinfectant,4.9,กล่องฆ่าเชื้อโรค,Home & Living,Laundry Supplies & Cleaning Equipments,Detergent,36,2023-04-06,13:51,0,5,ประสิทธิภาพ: ดีกลิ่น: ดี
5,https://shopee.co.th/%E0%B9%80%E0%B8%94%E0%B8%97%E0%B8%95%E0%B8%AD%E0%B8%A5-%E0%B9%84%E0%B8%AE%E0%B8%A2%E0%B8%B5%E0%B8%99-%E0%B8%A1%E0%B8%B1%E0%B8%A5%E0%B8%95%E0%B8%B4-%E0%B8%A2%E0%B8%B9%E0%B8%AA-%E0%B8%94%E0%B8%B4%E0%B8%AA%E0%B8%AD%E0%B8%B4%E0%B8%99%E0%B9%81%E0%B8%9F%E0%B8%84%E0%B9%81%E0%B8%97%E0%B8%99%E0%B8%97%E0%B9%8C-%E0%B8%9C%E0%B8%A5%E0%B8%B4%E0%B8%95%E0%B8%A0%E0%B8%B1%E0%B8%93%E0%B8%91%E0%B9%8C%E0%B8%86%E0%B9%88%E0%B8%B2%E0%B9%80%E0%B8%8A%E0%B8%B7%E0%B9%89%E0%B8%AD%E0%B9%82%E0%B8%A3%E0%B8%84%E0%B8%AD%E0%B9%80%E0%B8%99%E0%B8%81%E0%B8%9B%E0%B8%A3%E0%B8%B0%E0%B8%AA%E0%B8%87%E0%B8%84%E0%B9%8C-100-%E0%B8%A1%E0%B8%A5.-Dettol-Hygiene-Multi-Use-Disinfectant-i.62467035.20867791624?sp_atk=bc1d4c20-34d0-4dda-8b35-ae5f933a1c8e&xptdk=bc1d4c20-34d0-4dda-8b35-ae5f933a1c8e,เดทตอล ไฮยีน มัลติ-ยูส ดิสอินแฟคแทนท์ ผลิตภัณฑ์ฆ่าเชื้อโรคอเนกประสงค์ 100 มล. Dettol Hygiene Multi-Use Disinfectant,4.9,กล่องฆ่าเชื้อโรค,Home & Living,Laundry Supplies & Cleaning Equipments,Detergent,36,2023-01-03,19:13,0,5,ประสิทธิภาพ: สุดยอดกลิ่น: ดี
6,https://shopee.co.th/Sterile-%E0%B8%96%E0%B8%B8%E0%B8%87%E0%B8%A1%E0%B8%B7%E0%B8%AD%E0%B8%9B%E0%B8%A5%E0%B8%AD%E0%B8%94%E0%B9%80%E0%B8%8A%E0%B8%B7%E0%B9%89%E0%B8%AD-%E0%B8%A1%E0%B8%B5%E0%B9%81%E0%B8%9B%E0%B9%89%E0%B8%87-%E0%B8%96%E0%B8%B8%E0%B8%87%E0%B8%A1%E0%B8%B7%E0%B8%AD%E0%B9%81%E0%B9%81%E0%B8%9E%E0%B8%97%E0%B8%A2%E0%B9%8C-%E0%B8%96%E0%B8%B8%E0%B8%87%E0%B8%A1%E0%B8%B7%E0%B8%AD%E0%B8%95%E0%B8%A3%E0%B8%A7%E0%B8%88%E0%B9%82%E0%B8%A3%E0%B8%84-%E0%B8%81%E0%B8%A5%E0%B9%88%E0%B8%AD%E0%B8%87%E0%B8%A1%E0%B9%88%E0%B8%A7%E0%B8%87-%E0%B8%9C%E0%B9%88%E0%B8%B2%E0%B8%99%E0%B8%81%E0%B8%B2%E0%B8%A3%E0%B8%86%E0%B9%88%E0%B8%B2%E0%B9%80%E0%B8%8A%E0%B8%B7%E0%B9%89%E0%B8%AD%E0%B9%82%E0%B8%A3%E0%B8%84-%E0%B8%81%E0%B8%A5%E0%B9%88%E0%B8%AD%E0%B8%87-50-%E0%B8%84%E0%B8%B9%E0%B9%88-%E0%B8%82%E0%B8%B2%E0%B8%A2%E0%B8%94%E0%B8%B5-%E0%B8%AD%E0%B8%AD%E0%B8%81%E0%B8%9A%E0%B8%B4%E0%B8%A5%E0%B9%84%E0%B8%94%E0%B9%89!--i.165080541.2551908453?sp_atk=a0556996-9aa7-4f8c-a562-d79762458228&xptdk=a0556996-9aa7-4f8c-a562-d79762458228,Sterile ถุงมือปลอดเชื้อ มีแป้ง ถุงมือแแพทย์ ถุงมือตรวจโรค กล่องม่วง ผ่านการฆ่าเชื้อโรค กล่อง/ 50 คู่ [ขายดี ออกบิลได้!],4.9,กล่องฆ่าเชื้อโรค,Health & Wellness,Medical Supplies,Preventive Measures,375,2023-02-01,17:11,0,5,สินค้าราคาดีใช้เวลาในการส่งรวดเร็วบริษัทขนส่งบริการดี การแพ็คสินค้าดีมีมาตรฐานคุณภาพสินค้าดี เป็นวัสดุสิ้นเปลืองต้องใช้เป็นจำนวนมากถ้ามีราคาโปรโมชั่นจะดีมาก
6,https://shopee.co.th/Sterile-%E0%B8%96%E0%B8%B8%E0%B8%87%E0%B8%A1%E0%B8%B7%E0%B8%AD%E0%B8%9B%E0%B8%A5%E0%B8%AD%E0%B8%94%E0%B9%80%E0%B8%8A%E0%B8%B7%E0%B9%89%E0%B8%AD-%E0%B8%A1%E0%B8%B5%E0%B9%81%E0%B8%9B%E0%B9%89%E0%B8%87-%E0%B8%96%E0%B8%B8%E0%B8%87%E0%B8%A1%E0%B8%B7%E0%B8%AD%E0%B9%81%E0%B9%81%E0%B8%9E%E0%B8%97%E0%B8%A2%E0%B9%8C-%E0%B8%96%E0%B8%B8%E0%B8%87%E0%B8%A1%E0%B8%B7%E0%B8%AD%E0%B8%95%E0%B8%A3%E0%B8%A7%E0%B8%88%E0%B9%82%E0%B8%A3%E0%B8%84-%E0%B8%81%E0%B8%A5%E0%B9%88%E0%B8%AD%E0%B8%87%E0%B8%A1%E0%B9%88%E0%B8%A7%E0%B8%87-%E0%B8%9C%E0%B9%88%E0%B8%B2%E0%B8%99%E0%B8%81%E0%B8%B2%E0%B8%A3%E0%B8%86%E0%B9%88%E0%B8%B2%E0%B9%80%E0%B8%8A%E0%B8%B7%E0%B9%89%E0%B8%AD%E0%B9%82%E0%B8%A3%E0%B8%84-%E0%B8%81%E0%B8%A5%E0%B9%88%E0%B8%AD%E0%B8%87-50-%E0%B8%84%E0%B8%B9%E0%B9%88-%E0%B8%82%E0%B8%B2%E0%B8%A2%E0%B8%94%E0%B8%B5-%E0%B8%AD%E0%B8%AD%E0%B8%81%E0%B8%9A%E0%B8%B4%E0%B8%A5%E0%B9%84%E0%B8%94%E0%B9%89!--i.165080541.2551908453?sp_atk=a0556996-9aa7-4f8c-a562-d79762458228&xptdk=a0556996-9aa7-4f8c-a562-d79762458228,Sterile ถุงมือปลอดเชื้อ มีแป้ง ถุงมือแแพทย์ ถุงมือตรวจโรค กล่องม่วง ผ่านการฆ่าเชื้อโรค กล่อง/ 50 คู่ [ขายดี ออกบิลได้!],4.9,กล่องฆ่าเชื้อโรค,Health & Wellness,Medical Supplies,Preventive Measures,375,2023-01-14,22:31,0,5,ดีมากมาก ของใหม่มาก กล่องใหม่มาก แพ็คสินค้ามาอย่างดี คุ้มราคาที่จ่าย คุ้มค่า ราคาไม่แพง ถูกกว่าข้างนอก ไว้จะมาอุดหนุนใหม่
6,https://shopee.co.th/Sterile-%E0%B8%96%E0%B8%B8%E0%B8%87%E0%B8%A1%E0%B8%B7%E0%B8%AD%E0%B8%9B%E0%B8%A5%E0%B8%AD%E0%B8%94%E0%B9%80%E0%B8%8A%E0%B8%B7%E0%B9%89%E0%B8%AD-%E0%B8%A1%E0%B8%B5%E0%B9%81%E0%B8%9B%E0%B9%89%E0%B8%87-%E0%B8%96%E0%B8%B8%E0%B8%87%E0%B8%A1%E0%B8%B7%E0%B8%AD%E0%B9%81%E0%B9%81%E0%B8%9E%E0%B8%97%E0%B8%A2%E0%B9%8C-%E0%B8%96%E0%B8%B8%E0%B8%87%E0%B8%A1%E0%B8%B7%E0%B8%AD%E0%B8%95%E0%B8%A3%E0%B8%A7%E0%B8%88%E0%B9%82%E0%B8%A3%E0%B8%84-%E0%B8%81%E0%B8%A5%E0%B9%88%E0%B8%AD%E0%B8%87%E0%B8%A1%E0%B9%88%E0%B8%A7%E0%B8%87-%E0%B8%9C%E0%B9%88%E0%B8%B2%E0%B8%99%E0%B8%81%E0%B8%B2%E0%B8%A3%E0%B8%86%E0%B9%88%E0%B8%B2%E0%B9%80%E0%B8%8A%E0%B8%B7%E0%B9%89%E0%B8%AD%E0%B9%82%E0%B8%A3%E0%B8%84-%E0%B8%81%E0%B8%A5%E0%B9%88%E0%B8%AD%E0%B8%87-50-%E0%B8%84%E0%B8%B9%E0%B9%88-%E0%B8%82%E0%B8%B2%E0%B8%A2%E0%B8%94%E0%B8%B5-%E0%B8%AD%E0%B8%AD%E0%B8%81%E0%B8%9A%E0%B8%B4%E0%B8%A5%E0%B9%84%E0%B8%94%E0%B9%89!--i.165080541.2551908453?sp_atk=a0556996-9aa7-4f8c-a562-d79762458228&xptdk=a0556996-9aa7-4f8c-a562-d79762458228,Sterile ถุงมือปลอดเชื้อ มีแป้ง ถุงมือแแพทย์ ถุงมือตรวจโรค กล่องม่วง ผ่านการฆ่าเชื้อโรค กล่อง/ 50 คู่ [ขายดี ออกบิลได้!],4.9,กล่องฆ่าเชื้อโรค,Health & Wellness,Medical Supplies,Preventive Measures,375,2023-01-16,18:06,0,4,คุณภาพของสินค้าดี มีความคุ้มค่า ความเร็วในการจัดส่งดี การให้บริการจากบริษัทขนส่งดี ได้ทดลองใช้งานแล้วดี สั่งซื้อหลายรอบแล้ว...
7,https://shopee.co.th/Sterile-%E0%B8%96%E0%B8%B8%E0%B8%87%E0%B8%A1%E0%B8%B7%E0%B8%AD%E0%B8%9B%E0%B8%A5%E0%B8%AD%E0%B8%94%E0%B9%80%E0%B8%8A%E0%B8%B7%E0%B9%89%E0%B8%AD-%E0%B8%A1%E0%B8%B5%E0%B9%81%E0%B8%9B%E0%B9%89%E0%B8%87-%E0%B9%81%E0%B8%9A%E0%B8%9A%E0%B8%A2%E0%B8%81%E0%B8%A5%E0%B8%B1%E0%B8%87-6-%E0%B8%81%E0%B8%A5%E0%B9%88%E0%B8%AD%E0%B8%87-%E0%B8%AA%E0%B8%B5%E0%B8%A1%E0%B9%88%E0%B8%A7%E0%B8%87-%E0%B8%96%E0%B8%B8%E0%B8%87%E0%B8%A1%E0%B8%B7%E0%B8%AD%E0%B9%81%E0%B9%81%E0%B8%9E%E0%B8%97%E0%B8%A2%E0%B9%8C-%E0%B8%96%E0%B8%B8%E0%B8%87%E0%B8%A1%E0%B8%B7%E0%B8%AD%E0%B8%95%E0%B8%A3%E0%B8%A7%E0%B8%88%E0%B9%82%E0%B8%A3%E0%B8%84-%E0%B8%9C%E0%B9%88%E0%B8%B2%E0%B8%99%E0%B8%81%E0%B8%B2%E0%B8%A3%E0%B8%86%E0%B9%88%E0%B8%B2%E0%B9%80%E0%B8%8A%E0%B8%B7%E0%B9%89%E0%B8%AD%E0%B9%82%E0%B8%A3%E0%B8%84-%E0%B8%82%E0%B8%B2%E0%B8%A2%E0%B8%94%E0%B8%B5-%E0%B8%AD%E0%B8%AD%E0%B8%81%E0%B8%9A%E0%B8%B4%E0%B8%A5%E0%B9%84%E0%B8%94%E0%B9%89!--i.165080541.2580581469?sp_atk=68efc199-de8f-4277-8e20-e4b4cf9983b6&xptdk=68efc199-de8f-4277-8e20-e4b4cf9983b6,Sterile ถุงมือปลอดเชื้อ มีแป้ง แบบยกลัง 6 กล่อง สีม่วง ถุงมือแแพทย์ ถุงมือตรวจโรค ผ่านการฆ่าเชื้อโรค [ขายดี ออกบิลได้!],5.0,กล่องฆ่าเชื้อโรค,Health & Wellness,Medical Supplies,Plaster & Bandages,108,2023-02-10,21:00,0,5,ได้รับสินค้ารวดเร็วสินค้าแพคมาอย่างดี การให้บริการจากบริษัทขนส่งดีมากการให้บริการจากร้านค้าดีมากความคุ้มค่าดีมาก
7,https://shopee.co.th/Sterile-%E0%B8%96%E0%B8%B8%E0%B8%87%E0%B8%A1%E0%B8%B7%E0%B8%AD%E0%B8%9B%E0%B8%A5%E0%B8%AD%E0%B8%94%E0%B9%80%E0%B8%8A%E0%B8%B7%E0%B9%89%E0%B8%AD-%E0%B8%A1%E0%B8%B5%E0%B9%81%E0%B8%9B%E0%B9%89%E0%B8%87-%E0%B9%81%E0%B8%9A%E0%B8%9A%E0%B8%A2%E0%B8%81%E0%B8%A5%E0%B8%B1%E0%B8%87-6-%E0%B8%81%E0%B8%A5%E0%B9%88%E0%B8%AD%E0%B8%87-%E0%B8%AA%E0%B8%B5%E0%B8%A1%E0%B9%88%E0%B8%A7%E0%B8%87-%E0%B8%96%E0%B8%B8%E0%B8%87%E0%B8%A1%E0%B8%B7%E0%B8%AD%E0%B9%81%E0%B9%81%E0%B8%9E%E0%B8%97%E0%B8%A2%E0%B9%8C-%E0%B8%96%E0%B8%B8%E0%B8%87%E0%B8%A1%E0%B8%B7%E0%B8%AD%E0%B8%95%E0%B8%A3%E0%B8%A7%E0%B8%88%E0%B9%82%E0%B8%A3%E0%B8%84-%E0%B8%9C%E0%B9%88%E0%B8%B2%E0%B8%99%E0%B8%81%E0%B8%B2%E0%B8%A3%E0%B8%86%E0%B9%88%E0%B8%B2%E0%B9%80%E0%B8%8A%E0%B8%B7%E0%B9%89%E0%B8%AD%E0%B9%82%E0%B8%A3%E0%B8%84-%E0%B8%82%E0%B8%B2%E0%B8%A2%E0%B8%94%E0%B8%B5-%E0%B8%AD%E0%B8%AD%E0%B8%81%E0%B8%9A%E0%B8%B4%E0%B8%A5%E0%B9%84%E0%B8%94%E0%B9%89!--i.165080541.2580581469?sp_atk=68efc199-de8f-4277-8e20-e4b4cf9983b6&xptdk=68efc199-de8f-4277-8e20-e4b4cf9983b6,Sterile ถุงมือปลอดเชื้อ มีแป้ง แบบยกลัง 6 กล่อง สีม่วง ถุงมือแแพทย์ ถุงมือตรวจโรค ผ่านการฆ่าเชื้อโรค [ขายดี ออกบิลได้!],5.0,กล่องฆ่าเชื้อโรค,Health & Wellness,Medical Supplies,Plaster & Bandages,108,2023-01-24,18:05,0,5,สั่งถุงมือร้านนี้หลายรอบแล้ว สินค้าคุณภาพดีอยู่แล้ว ไม่ฉีกขาดง่าย ร้านนี้ราคาถูก บริการดี ถามตอบรวดเร็ว และจัดส่งรวดเร็วด้วย แนะนำเลยค่ะ
8,https://shopee.co.th/*%E0%B8%9E%E0%B8%A3%E0%B9%89%E0%B8%AD%E0%B8%A1%E0%B8%AA%E0%B9%88%E0%B8%87*-Ximiao-%E0%B8%AB%E0%B8%99%E0%B9%89%E0%B8%B2%E0%B8%81%E0%B8%B2%E0%B8%81%E0%B8%AD%E0%B8%99%E0%B8%B2%E0%B8%A1%E0%B8%B1%E0%B8%A2-KN95-mask-%E0%B9%80%E0%B8%84%E0%B8%A5%E0%B8%B7%E0%B8%AD%E0%B8%9A%E0%B8%97%E0%B8%AD%E0%B8%87%E0%B9%81%E0%B8%94%E0%B8%87-%E0%B9%81%E0%B8%9E%E0%B9%87%E0%B8%84-1-%E0%B8%8A%E0%B8%B4%E0%B9%89%E0%B8%99-%E0%B8%8A%E0%B9%88%E0%B8%A7%E0%B8%A2%E0%B8%86%E0%B9%88%E0%B8%B2%E0%B9%80%E0%B8%8A%E0%B8%B7%E0%B9%89%E0%B8%AD%E0%B9%82%E0%B8%A3%E0%B8%84-%E0%B8%81%E0%B8%B1%E0%B8%99%E0%B8%9D%E0%B8%B8%E0%B9%88%E0%B8%99-%E0%B8%81%E0%B8%B1%E0%B8%99%E0%B9%84%E0%B8%A7%E0%B8%A3%E0%B8%B1%E0%B8%AA-PM2.5-%E0%B8%AB%E0%B8%99%E0%B9%89%E0%B8%B2%E0%B8%81%E0%B8%B2%E0%B8%81-%E0%B9%81%E0%B8%A1%E0%B8%AAN95-i.299341910.7597175307?sp_atk=a5f0612a-e1c5-428b-90d1-72f359b07102&xptdk=a5f0612a-e1c5-428b-90d1-72f359b07102,*พร้อมส่ง* Ximiao หน้ากากอนามัย KN95 mask เคลือบทองแดง แพ็ค 1 ชิ้น ช่วยฆ่าเชื้อโรค กันฝุ่น กันไวรัส PM2.5 หน้ากาก แมสN95,4.9,กล่องฆ่าเชื้อโรค,Health & Wellness,Medical Supplies,Preventive Measures,531,2023-03-31,11:32,0,5,2023-03-31 11:32
8,https://shopee.co.th/*%E0%B8%9E%E0%B8%A3%E0%B9%89%E0%B8%AD%E0%B8%A1%E0%B8%AA%E0%B9%88%E0%B8%87*-Ximiao-%E0%B8%AB%E0%B8%99%E0%B9%89%E0%B8%B2%E0%B8%81%E0%B8%B2%E0%B8%81%E0%B8%AD%E0%B8%99%E0%B8%B2%E0%B8%A1%E0%B8%B1%E0%B8%A2-KN95-mask-%E0%B9%80%E0%B8%84%E0%B8%A5%E0%B8%B7%E0%B8%AD%E0%B8%9A%E0%B8%97%E0%B8%AD%E0%B8%87%E0%B9%81%E0%B8%94%E0%B8%87-%E0%B9%81%E0%B8%9E%E0%B9%87%E0%B8%84-1-%E0%B8%8A%E0%B8%B4%E0%B9%89%E0%B8%99-%E0%B8%8A%E0%B9%88%E0%B8%A7%E0%B8%A2%E0%B8%86%E0%B9%88%E0%B8%B2%E0%B9%80%E0%B8%8A%E0%B8%B7%E0%B9%89%E0%B8%AD%E0%B9%82%E0%B8%A3%E0%B8%84-%E0%B8%81%E0%B8%B1%E0%B8%99%E0%B8%9D%E0%B8%B8%E0%B9%88%E0%B8%99-%E0%B8%81%E0%B8%B1%E0%B8%99%E0%B9%84%E0%B8%A7%E0%B8%A3%E0%B8%B1%E0%B8%AA-PM2.5-%E0%B8%AB%E0%B8%99%E0%B9%89%E0%B8%B2%E0%B8%81%E0%B8%B2%E0%B8%81-%E0%B9%81%E0%B8%A1%E0%B8%AAN95-i.299341910.7597175307?sp_atk=a5f0612a-e1c5-428b-90d1-72f359b07102&xptdk=a5f0612a-e1c5-428b-90d1-72f359b07102,*พร้อมส่ง* Ximiao หน้ากากอนามัย KN95 mask เคลือบทองแดง แพ็ค 1 ชิ้น ช่วยฆ่าเชื้อโรค กันฝุ่น กันไวรัส PM2.5 หน้ากาก แมสN95,4.9,กล่องฆ่าเชื้อโรค,Health & Wellness,Medical Supplies,Preventive Measures,531,2023-02-26,15:01,0,5,2023-02-26 15:01
10,https://shopee.co.th/%E0%B8%AB%E0%B8%A5%E0%B8%AD%E0%B8%94%E0%B9%84%E0%B8%9F-UV-SOBO-5W.-UV-Lamp-(%E0%B8%81%E0%B8%A5%E0%B9%88%E0%B8%AD%E0%B8%87%E0%B8%82%E0%B8%B2%E0%B8%A7)%E0%B8%AB%E0%B8%A5%E0%B8%AD%E0%B8%94%E0%B8%A2%E0%B8%B9%E0%B8%A7%E0%B8%B5%E0%B8%86%E0%B9%88%E0%B8%B2%E0%B9%80%E0%B8%8A%E0%B8%B7%E0%B9%89%E0%B8%AD%E0%B9%82%E0%B8%A3%E0%B8%84-%E0%B8%81%E0%B8%B3%E0%B8%88%E0%B8%B1%E0%B8%94%E0%B9%81%E0%B8%9A%E0%B8%84%E0%B8%97%E0%B8%B5%E0%B9%80%E0%B8%A3%E0%B8%B5%E0%B8%A2-%E0%B8%97%E0%B8%B3%E0%B9%83%E0%B8%AB%E0%B9%89%E0%B8%99%E0%B9%89%E0%B8%B3%E0%B9%83%E0%B8%AA%E0%B9%84%E0%B8%A1%E0%B9%88%E0%B9%80%E0%B8%81%E0%B8%B4%E0%B8%94%E0%B8%99%E0%B9%89%E0%B8%B3%E0%B9%80%E0%B8%82%E0%B8%B5%E0%B8%A2%E0%B8%A7-%E0%B9%83%E0%B8%8A%E0%B9%89%E0%B8%AA%E0%B8%B3%E0%B8%AB%E0%B8%A3%E0%B8%B1%E0%B8%9A%E0%B8%95%E0%B8%B9%E0%B9%89%E0%B8%9B%E0%B8%A5%E0%B8%B2-%E0%B8%9A%E0%B9%88%E0%B8%AD%E0%B8%9B%E0%B8%A5%E0%B8%B2-i.258953801.17124068493?sp_atk=f2db686b-5f63-4406-a445-49744d5f8dda&xptdk=f2db686b-5f63-4406-a445-49744d5f8dda,หลอดไฟ UV SOBO 5W. UV Lamp (กล่องขาว)หลอดยูวีฆ่าเชื้อโรค กำจัดแบคทีเรีย ทำให้น้ำใสไม่เกิดน้ำเขียว ใช้สำหรับตู้ปลา บ่อปลา,4.8,กล่องฆ่าเชื้อโรค,Pets,Pet Accessories,Aquarium Needs,21,2023-01-23,17:49,0,5,ดีๆๆ
10,https://shopee.co.th/%E0%B8%AB%E0%B8%A5%E0%B8%AD%E0%B8%94%E0%B9%84%E0%B8%9F-UV-SOBO-5W.-UV-Lamp-(%E0%B8%81%E0%B8%A5%E0%B9%88%E0%B8%AD%E0%B8%87%E0%B8%82%E0%B8%B2%E0%B8%A7)%E0%B8%AB%E0%B8%A5%E0%B8%AD%E0%B8%94%E0%B8%A2%E0%B8%B9%E0%B8%A7%E0%B8%B5%E0%B8%86%E0%B9%88%E0%B8%B2%E0%B9%80%E0%B8%8A%E0%B8%B7%E0%B9%89%E0%B8%AD%E0%B9%82%E0%B8%A3%E0%B8%84-%E0%B8%81%E0%B8%B3%E0%B8%88%E0%B8%B1%E0%B8%94%E0%B9%81%E0%B8%9A%E0%B8%84%E0%B8%97%E0%B8%B5%E0%B9%80%E0%B8%A3%E0%B8%B5%E0%B8%A2-%E0%B8%97%E0%B8%B3%E0%B9%83%E0%B8%AB%E0%B9%89%E0%B8%99%E0%B9%89%E0%B8%B3%E0%B9%83%E0%B8%AA%E0%B9%84%E0%B8%A1%E0%B9%88%E0%B9%80%E0%B8%81%E0%B8%B4%E0%B8%94%E0%B8%99%E0%B9%89%E0%B8%B3%E0%B9%80%E0%B8%82%E0%B8%B5%E0%B8%A2%E0%B8%A7-%E0%B9%83%E0%B8%8A%E0%B9%89%E0%B8%AA%E0%B8%B3%E0%B8%AB%E0%B8%A3%E0%B8%B1%E0%B8%9A%E0%B8%95%E0%B8%B9%E0%B9%89%E0%B8%9B%E0%B8%A5%E0%B8%B2-%E0%B8%9A%E0%B9%88%E0%B8%AD%E0%B8%9B%E0%B8%A5%E0%B8%B2-i.258953801.17124068493?sp_atk=f2db686b-5f63-4406-a445-49744d5f8dda&xptdk=f2db686b-5f63-4406-a445-49744d5f8dda,หลอดไฟ UV SOBO 5W. UV Lamp (กล่องขาว)หลอดยูวีฆ่าเชื้อโรค กำจัดแบคทีเรีย ทำให้น้ำใสไม่เกิดน้ำเขียว ใช้สำหรับตู้ปลา บ่อปลา,4.8,กล่องฆ่าเชื้อโรค,Pets,Pet Accessories,Aquarium Needs,21,2023-02-15,09:33,0,5,จัดส่งเร็วสินค้าดีมีคุณภาพ
10,https://shopee.co.th/%E0%B8%AB%E0%B8%A5%E0%B8%AD%E0%B8%94%E0%B9%84%E0%B8%9F-UV-SOBO-5W.-UV-Lamp-(%E0%B8%81%E0%B8%A5%E0%B9%88%E0%B8%AD%E0%B8%87%E0%B8%82%E0%B8%B2%E0%B8%A7)%E0%B8%AB%E0%B8%A5%E0%B8%AD%E0%B8%94%E0%B8%A2%E0%B8%B9%E0%B8%A7%E0%B8%B5%E0%B8%86%E0%B9%88%E0%B8%B2%E0%B9%80%E0%B8%8A%E0%B8%B7%E0%B9%89%E0%B8%AD%E0%B9%82%E0%B8%A3%E0%B8%84-%E0%B8%81%E0%B8%B3%E0%B8%88%E0%B8%B1%E0%B8%94%E0%B9%81%E0%B8%9A%E0%B8%84%E0%B8%97%E0%B8%B5%E0%B9%80%E0%B8%A3%E0%B8%B5%E0%B8%A2-%E0%B8%97%E0%B8%B3%E0%B9%83%E0%B8%AB%E0%B9%89%E0%B8%99%E0%B9%89%E0%B8%B3%E0%B9%83%E0%B8%AA%E0%B9%84%E0%B8%A1%E0%B9%88%E0%B9%80%E0%B8%81%E0%B8%B4%E0%B8%94%E0%B8%99%E0%B9%89%E0%B8%B3%E0%B9%80%E0%B8%82%E0%B8%B5%E0%B8%A2%E0%B8%A7-%E0%B9%83%E0%B8%8A%E0%B9%89%E0%B8%AA%E0%B8%B3%E0%B8%AB%E0%B8%A3%E0%B8%B1%E0%B8%9A%E0%B8%95%E0%B8%B9%E0%B9%89%E0%B8%9B%E0%B8%A5%E0%B8%B2-%E0%B8%9A%E0%B9%88%E0%B8%AD%E0%B8%9B%E0%B8%A5%E0%B8%B2-i.258953801.17124068493?sp_atk=f2db686b-5f63-4406-a445-49744d5f8dda&xptdk=f2db686b-5f63-4406-a445-49744d5f8dda,หลอดไฟ UV SOBO 5W. UV Lamp (กล่องขาว)หลอดยูวีฆ่าเชื้อโรค กำจัดแบคทีเรีย ทำให้น้ำใสไม่เกิดน้ำเขียว ใช้สำหรับตู้ปลา บ่อปลา,4.8,กล่องฆ่าเชื้อโรค,Pets,Pet Accessories,Aquarium Needs,21,2023-01-09,18:54,0,3,ดี สว่างมาก
11,https://shopee.co.th/%E2%9D%8C%E0%B8%A3%E0%B8%B2%E0%B8%84%E0%B8%B2%E0%B8%96%E0%B8%B9%E0%B8%81%E0%B8%97%E0%B8%B5%E0%B9%88%E0%B8%AA%E0%B8%B8%E0%B8%94%E2%9D%8C-(%E0%B9%84%E0%B8%94%E0%B9%89%E0%B8%97%E0%B8%B1%E0%B9%89%E0%B8%87%E0%B9%80%E0%B8%8B%E0%B9%87%E0%B8%97)3M-7502-2097-%E0%B8%AB%E0%B8%99%E0%B9%89%E0%B8%B2%E0%B8%81%E0%B8%B2%E0%B8%81%E0%B8%9E%E0%B9%88%E0%B8%99%E0%B8%A2%E0%B8%B2-%E0%B8%9B%E0%B9%89%E0%B8%AD%E0%B8%87%E0%B8%81%E0%B8%B1%E0%B8%99%E0%B8%81%E0%B8%A5%E0%B8%B4%E0%B9%88%E0%B8%99%E0%B8%A2%E0%B8%B2%E0%B8%86%E0%B9%88%E0%B8%B2%E0%B9%81%E0%B8%A1%E0%B8%A5%E0%B8%87-%E0%B8%AA%E0%B8%B2%E0%B8%A3%E0%B9%80%E0%B8%84%E0%B8%A1%E0%B8%B5-%E0%B9%80%E0%B8%8A%E0%B8%B7%E0%B9%89%E0%B8%AD%E0%B9%82%E0%B8%A3%E0%B8%84-i.842210461.18534931986?sp_atk=bb69d8c4-0b97-4586-8278-25e0632494bf&xptdk=bb69d8c4-0b97-4586-8278-25e0632494bf,❌ราคาถูกที่สุด❌ (ได้ทั้งเซ็ท)3M 7502+2097 หน้ากากพ่นยา ป้องกันกลิ่นยาฆ่าแมลง สารเคมี เชื้อโรค,4.1,กล่องฆ่าเชื้อโรค,Home & Living,Home Improvement,Safety Equipment,96,2023-03-27,10:11,0,3,บอก fast shipping แต่ของส่งจากจีน รอเป็นเดือน
11,https://shopee.co.th/%E2%9D%8C%E0%B8%A3%E0%B8%B2%E0%B8%84%E0%B8%B2%E0%B8%96%E0%B8%B9%E0%B8%81%E0%B8%97%E0%B8%B5%E0%B9%88%E0%B8%AA%E0%B8%B8%E0%B8%94%E2%9D%8C-(%E0%B9%84%E0%B8%94%E0%B9%89%E0%B8%97%E0%B8%B1%E0%B9%89%E0%B8%87%E0%B9%80%E0%B8%8B%E0%B9%87%E0%B8%97)3M-7502-2097-%E0%B8%AB%E0%B8%99%E0%B9%89%E0%B8%B2%E0%B8%81%E0%B8%B2%E0%B8%81%E0%B8%9E%E0%B9%88%E0%B8%99%E0%B8%A2%E0%B8%B2-%E0%B8%9B%E0%B9%89%E0%B8%AD%E0%B8%87%E0%B8%81%E0%B8%B1%E0%B8%99%E0%B8%81%E0%B8%A5%E0%B8%B4%E0%B9%88%E0%B8%99%E0%B8%A2%E0%B8%B2%E0%B8%86%E0%B9%88%E0%B8%B2%E0%B9%81%E0%B8%A1%E0%B8%A5%E0%B8%87-%E0%B8%AA%E0%B8%B2%E0%B8%A3%E0%B9%80%E0%B8%84%E0%B8%A1%E0%B8%B5-%E0%B9%80%E0%B8%8A%E0%B8%B7%E0%B9%89%E0%B8%AD%E0%B9%82%E0%B8%A3%E0%B8%84-i.842210461.18534931986?sp_atk=bb69d8c4-0b97-4586-8278-25e0632494bf&xptdk=bb69d8c4-0b97-4586-8278-25e0632494bf,❌ราคาถูกที่สุด❌ (ได้ทั้งเซ็ท)3M 7502+2097 หน้ากากพ่นยา ป้องกันกลิ่นยาฆ่าแมลง สารเคมี เชื้อโรค,4.1,กล่องฆ่าเชื้อโรค,Home & Living,Home Improvement,Safety Equipment,96,2023-01-19,13:34,0,1,ไม่ห่อสินค้าไห้ดี ราคาก็ไม่ใช่ถูก ๆ จะชื้อคิดดีๆ นะคะ
11,https://shopee.co.th/%E2%9D%8C%E0%B8%A3%E0%B8%B2%E0%B8%84%E0%B8%B2%E0%B8%96%E0%B8%B9%E0%B8%81%E0%B8%97%E0%B8%B5%E0%B9%88%E0%B8%AA%E0%B8%B8%E0%B8%94%E2%9D%8C-(%E0%B9%84%E0%B8%94%E0%B9%89%E0%B8%97%E0%B8%B1%E0%B9%89%E0%B8%87%E0%B9%80%E0%B8%8B%E0%B9%87%E0%B8%97)3M-7502-2097-%E0%B8%AB%E0%B8%99%E0%B9%89%E0%B8%B2%E0%B8%81%E0%B8%B2%E0%B8%81%E0%B8%9E%E0%B9%88%E0%B8%99%E0%B8%A2%E0%B8%B2-%E0%B8%9B%E0%B9%89%E0%B8%AD%E0%B8%87%E0%B8%81%E0%B8%B1%E0%B8%99%E0%B8%81%E0%B8%A5%E0%B8%B4%E0%B9%88%E0%B8%99%E0%B8%A2%E0%B8%B2%E0%B8%86%E0%B9%88%E0%B8%B2%E0%B9%81%E0%B8%A1%E0%B8%A5%E0%B8%87-%E0%B8%AA%E0%B8%B2%E0%B8%A3%E0%B9%80%E0%B8%84%E0%B8%A1%E0%B8%B5-%E0%B9%80%E0%B8%8A%E0%B8%B7%E0%B9%89%E0%B8%AD%E0%B9%82%E0%B8%A3%E0%B8%84-i.842210461.18534931986?sp_atk=bb69d8c4-0b97-4586-8278-25e0632494bf&xptdk=bb69d8c4-0b97-4586-8278-25e0632494bf,❌ราคาถูกที่สุด❌ (ได้ทั้งเซ็ท)3M 7502+2097 หน้ากากพ่นยา ป้องกันกลิ่นยาฆ่าแมลง สารเคมี เชื้อโรค,4.1,กล่องฆ่าเชื้อโรค,Home & Living,Home Improvement,Safety Equipment,96,2023-03-18,05:20,0,1,แกะอะไหล่มาล้างไม่ได้ ปกติมันต้องถอดออกได้ ดึงยังไงก็ไม่ออก
13,https://shopee.co.th/%E0%B8%AB%E0%B8%A5%E0%B8%AD%E0%B8%94%E0%B9%84%E0%B8%9F-UV-SOBO-9W.-Lamp-(%E0%B8%81%E0%B8%A5%E0%B9%88%E0%B8%AD%E0%B8%87%E0%B8%82%E0%B8%B2%E0%B8%A7)-%E0%B8%AB%E0%B8%A5%E0%B8%AD%E0%B8%94%E0%B8%A2%E0%B8%B9%E0%B8%A7%E0%B8%B5%E0%B8%86%E0%B9%88%E0%B8%B2%E0%B9%80%E0%B8%8A%E0%B8%B7%E0%B9%89%E0%B8%AD%E0%B9%82%E0%B8%A3%E0%B8%84-%E0%B8%81%E0%B8%B3%E0%B8%88%E0%B8%B1%E0%B8%94%E0%B9%81%E0%B8%9A%E0%B8%84%E0%B8%97%E0%B8%B5%E0%B9%80%E0%B8%A3%E0%B8%B5%E0%B8%A2-%E0%B8%97%E0%B8%B3%E0%B9%83%E0%B8%AB%E0%B9%89%E0%B8%99%E0%B9%89%E0%B8%B3%E0%B9%83%E0%B8%AA%E0%B9%84%E0%B8%A1%E0%B9%88%E0%B9%80%E0%B8%81%E0%B8%B4%E0%B8%94%E0%B8%99%E0%B9%89%E0%B8%B3%E0%B9%80%E0%B8%82%E0%B8%B5%E0%B8%A2%E0%B8%A7-%E0%B9%83%E0%B8%8A%E0%B9%89%E0%B8%AA%E0%B8%B3%E0%B8%AB%E0%B8%A3%E0%B8%B1%E0%B8%9A%E0%B8%95%E0%B8%B9%E0%B9%89%E0%B8%9B%E0%B8%A5%E0%B8%B2-%E0%B8%AB%E0%B8%A5%E0%B8%AD%E0%B8%94UV-i.258953801.10419472545?sp_atk=dbdce798-1048-480d-b7ad-2280d9dcb233&xptdk=dbdce798-1048-480d-b7ad-2280d9dcb233,หลอดไฟ UV SOBO 9W. Lamp (กล่องขาว) หลอดยูวีฆ่าเชื้อโรค กำจัดแบคทีเรีย ทำให้น้ำใสไม่เกิดน้ำเขียว ใช้สำหรับตู้ปลา หลอดUV,4.7,กล่องฆ่าเชื้อโรค,Pets,Pet Accessories,Aquarium Needs,10,2023-03-24,11:44,0,4,หลอดไฟยูวีเสียบติดไม่มีปัญหาอะไรค่ะ สั่งทางออนไลน์ถูกกว่าที่ร้านมากไม้รู้ว่าทำไมที่ร้านค้าขายแพงโอเวอร์
18,https://shopee.co.th/%E0%B8%AB%E0%B8%A5%E0%B8%AD%E0%B8%94-UV-SOBO-7W.-UV-Lamp-(%E0%B8%81%E0%B8%A5%E0%B9%88%E0%B8%AD%E0%B8%87%E0%B8%82%E0%B8%B2%E0%B8%A7)%E0%B8%AB%E0%B8%A5%E0%B8%AD%E0%B8%94%E0%B8%A2%E0%B8%B9%E0%B8%A7%E0%B8%B5%E0%B8%86%E0%B9%88%E0%B8%B2%E0%B9%80%E0%B8%8A%E0%B8%B7%E0%B9%89%E0%B8%AD%E0%B9%82%E0%B8%A3%E0%B8%84-%E0%B8%81%E0%B8%B3%E0%B8%88%E0%B8%B1%E0%B8%94%E0%B9%81%E0%B8%9A%E0%B8%84%E0%B8%97%E0%B8%B5%E0%B9%80%E0%B8%A3%E0%B8%B5%E0%B8%A2-%E0%B8%97%E0%B8%B3%E0%B9%83%E0%B8%AB%E0%B9%89%E0%B8%99%E0%B9%89%E0%B8%B3%E0%B9%83%E0%B8%AA%E0%B9%84%E0%B8%A1%E0%B9%88%E0%B9%80%E0%B8%81%E0%B8%B4%E0%B8%94%E0%B8%99%E0%B9%89%E0%B8%B3%E0%B9%80%E0%B8%82%E0%B8%B5%E0%B8%A2%E0%B8%A7-%E0%B9%83%E0%B8%8A%E0%B9%89%E0%B8%AA%E0%B8%B3%E0%B8%AB%E0%B8%A3%E0%B8%B1%E0%B8%9A%E0%B8%95%E0%B8%B9%E0%B9%89%E0%B8%9B%E0%B8%A5%E0%B8%B2-%E0%B8%9A%E0%B9%88%E0%B8%AD%E0%B8%9B%E0%B8%A5%E0%B8%B2-i.258953801.9837009824?sp_atk=0e24827a-1c78-4dec-b37d-b4bf23d24248&xptdk=0e24827a-1c78-4dec-b37d-b4bf23d24248,หลอด UV SOBO 7W. UV Lamp (กล่องขาว)หลอดยูวีฆ่าเชื้อโรค กำจัดแบคทีเรีย ทำให้น้ำใสไม่เกิดน้ำเขียว ใช้สำหรับตู้ปลา บ่อปลา,4.8,กล่องฆ่าเชื้อโรค,Pets,Pet Accessories,Aquarium Needs,13,2023-02-03,19:46,0,5,คุณภาพ: คุณภาพดีจัดส่งเร็ว
18,https://shopee.co.th/%E0%B8%AB%E0%B8%A5%E0%B8%AD%E0%B8%94-UV-SOBO-7W.-UV-Lamp-(%E0%B8%81%E0%B8%A5%E0%B9%88%E0%B8%AD%E0%B8%87%E0%B8%82%E0%B8%B2%E0%B8%A7)%E0%B8%AB%E0%B8%A5%E0%B8%AD%E0%B8%94%E0%B8%A2%E0%B8%B9%E0%B8%A7%E0%B8%B5%E0%B8%86%E0%B9%88%E0%B8%B2%E0%B9%80%E0%B8%8A%E0%B8%B7%E0%B9%89%E0%B8%AD%E0%B9%82%E0%B8%A3%E0%B8%84-%E0%B8%81%E0%B8%B3%E0%B8%88%E0%B8%B1%E0%B8%94%E0%B9%81%E0%B8%9A%E0%B8%84%E0%B8%97%E0%B8%B5%E0%B9%80%E0%B8%A3%E0%B8%B5%E0%B8%A2-%E0%B8%97%E0%B8%B3%E0%B9%83%E0%B8%AB%E0%B9%89%E0%B8%99%E0%B9%89%E0%B8%B3%E0%B9%83%E0%B8%AA%E0%B9%84%E0%B8%A1%E0%B9%88%E0%B9%80%E0%B8%81%E0%B8%B4%E0%B8%94%E0%B8%99%E0%B9%89%E0%B8%B3%E0%B9%80%E0%B8%82%E0%B8%B5%E0%B8%A2%E0%B8%A7-%E0%B9%83%E0%B8%8A%E0%B9%89%E0%B8%AA%E0%B8%B3%E0%B8%AB%E0%B8%A3%E0%B8%B1%E0%B8%9A%E0%B8%95%E0%B8%B9%E0%B9%89%E0%B8%9B%E0%B8%A5%E0%B8%B2-%E0%B8%9A%E0%B9%88%E0%B8%AD%E0%B8%9B%E0%B8%A5%E0%B8%B2-i.258953801.9837009824?sp_atk=0e24827a-1c78-4dec-b37d-b4bf23d24248&xptdk=0e24827a-1c78-4dec-b37d-b4bf23d24248,หลอด UV SOBO 7W. UV Lamp (กล่องขาว)หลอดยูวีฆ่าเชื้อโรค กำจัดแบคทีเรีย ทำให้น้ำใสไม่เกิดน้ำเขียว ใช้สำหรับตู้ปลา บ่อปลา,4.8,กล่องฆ่าเชื้อโรค,Pets,Pet Accessories,Aquarium Needs,13,2023-01-17,17:07,0,5,คุณภาพ: ส่งเร็วมากกกกก
20,https://shopee.co.th/%E0%B9%80%E0%B8%A1%E0%B9%87%E0%B8%94%E0%B8%9F%E0%B8%B9%E0%B9%88%E0%B8%97%E0%B8%B3%E0%B8%84%E0%B8%A7%E0%B8%B2%E0%B8%A1%E0%B8%AA%E0%B8%B0%E0%B8%AD%E0%B8%B2%E0%B8%94%E0%B8%8A%E0%B8%B1%E0%B8%81%E0%B9%82%E0%B8%84%E0%B8%A3%E0%B8%81-%E0%B8%86%E0%B9%88%E0%B8%B2%E0%B9%80%E0%B8%8A%E0%B8%B7%E0%B9%89%E0%B8%AD%E0%B9%82%E0%B8%A3%E0%B8%84-%E0%B8%8A%E0%B9%88%E0%B8%A7%E0%B8%A2%E0%B8%A5%E0%B9%89%E0%B8%B2%E0%B8%87%E0%B8%8A%E0%B8%B1%E0%B8%81%E0%B9%82%E0%B8%84%E0%B8%A3%E0%B8%81-%E0%B8%AA%E0%B8%B4%E0%B9%88%E0%B8%87%E0%B8%AD%E0%B8%B8%E0%B8%94%E0%B8%95%E0%B8%B1%E0%B8%99-1-%E0%B8%81%E0%B8%A5%E0%B9%88%E0%B8%AD%E0%B8%87%E0%B8%A1%E0%B8%B5-12-%E0%B8%8A%E0%B8%B4%E0%B9%89%E0%B8%99-%E0%B9%84%E0%B8%A1%E0%B9%88%E0%B8%95%E0%B9%89%E0%B8%AD%E0%B8%87%E0%B9%80%E0%B8%9B%E0%B8%A5%E0%B8%B7%E0%B8%AD%E0%B8%87%E0%B9%81%E0%B8%A3%E0%B8%87%E0%B8%82%E0%B8%B1%E0%B8%94-i.417991806.23904444256?sp_atk=b79ee462-e882-4fcb-ba63-7ab65192761d&xptdk=b79ee462-e882-4fcb-ba63-7ab65192761d,เม็ดฟู่ทำความสะอาดชักโครก ฆ่าเชื้อโรค ช่วยล้างชักโครก สิ่งอุดตัน 1 กล่องมี 12 ชิ้น ไม่ต้องเปลืองแรงขัด,2.0,กล่องฆ่าเชื้อโรค,Home & Living,Laundry Supplies & Cleaning Equipments,Detergent,2,2023-03-27,10:49,0,2,สีชมพูเเปรงร่างหลายเป็นเม็ดสีฟ้า
21,https://shopee.co.th/%E0%B8%81%E0%B8%A5%E0%B9%88%E0%B8%AD%E0%B8%87%E0%B9%80%E0%B8%81%E0%B9%87%E0%B8%9A%E0%B9%81%E0%B8%81%E0%B9%89%E0%B8%A7%E0%B8%9B%E0%B8%A3%E0%B8%B0%E0%B8%88%E0%B9%8D%E0%B8%B2%E0%B9%80%E0%B8%94%E0%B8%B7%E0%B8%AD%E0%B8%99-%E0%B8%86%E0%B9%88%E0%B8%B2%E0%B9%80%E0%B8%8A%E0%B8%B7%E0%B9%89%E0%B8%AD%E0%B9%82%E0%B8%A3%E0%B8%84-%E0%B8%AA%E0%B9%8D%E0%B8%B2%E0%B8%AB%E0%B8%A3%E0%B8%B1%E0%B8%9A%E0%B8%9C%E0%B8%B9%E0%B9%89%E0%B8%AB%E0%B8%8D%E0%B8%B4%E0%B8%87-i.308456208.17790803376?sp_atk=341ccae5-33f3-4694-9284-131c1afec225&xptdk=341ccae5-33f3-4694-9284-131c1afec225,กล่องเก็บแก้วประจําเดือน ฆ่าเชื้อโรค สําหรับผู้หญิง,4.0,กล่องฆ่าเชื้อโรค,Beauty & Personal Care,Personal care,Women's Hygiene,5,2023-04-07,23:03,0,5,ใช้ได้ดี ใส่น้ำแล้วนำใส่ไมโครเวฟ วัสดุทนความร้อน ไม่ละลาย สำหรับใส่ถ้วย1อัน อาจจะต้องใช้เวลารอสักเล็กน้อยกว่าของจะถึงไทย แต่ทางร้านส่งเร็วอยู่นะคะ
21,https://shopee.co.th/%E0%B8%81%E0%B8%A5%E0%B9%88%E0%B8%AD%E0%B8%87%E0%B9%80%E0%B8%81%E0%B9%87%E0%B8%9A%E0%B9%81%E0%B8%81%E0%B9%89%E0%B8%A7%E0%B8%9B%E0%B8%A3%E0%B8%B0%E0%B8%88%E0%B9%8D%E0%B8%B2%E0%B9%80%E0%B8%94%E0%B8%B7%E0%B8%AD%E0%B8%99-%E0%B8%86%E0%B9%88%E0%B8%B2%E0%B9%80%E0%B8%8A%E0%B8%B7%E0%B9%89%E0%B8%AD%E0%B9%82%E0%B8%A3%E0%B8%84-%E0%B8%AA%E0%B9%8D%E0%B8%B2%E0%B8%AB%E0%B8%A3%E0%B8%B1%E0%B8%9A%E0%B8%9C%E0%B8%B9%E0%B9%89%E0%B8%AB%E0%B8%8D%E0%B8%B4%E0%B8%87-i.308456208.17790803376?sp_atk=341ccae5-33f3-4694-9284-131c1afec225&xptdk=341ccae5-33f3-4694-9284-131c1afec225,กล่องเก็บแก้วประจําเดือน ฆ่าเชื้อโรค สําหรับผู้หญิง,4.0,กล่องฆ่าเชื้อโรค,Beauty & Personal Care,Personal care,Women's Hygiene,5,2023-02-28,14:46,0,3,"ประสิทธิภาพ: โอเคสั่งวันที่ 29 ม.ค. ได้รับของวันที่ 9ก.พ.
-แพ็คของมาดี ไม่มีอะไรเสียหาย
-ราคาถูก คุ้มค่า สมราคา
-แข็งแรงทนทาน"
23,https://shopee.co.th/100W-%E0%B8%AB%E0%B8%A5%E0%B8%AD%E0%B8%94%E0%B8%A2%E0%B8%B9%E0%B8%A7%E0%B8%B5%E0%B8%86%E0%B9%88%E0%B8%B2%E0%B9%80%E0%B8%8A%E0%B8%B7%E0%B9%89%E0%B8%AD%E0%B9%82%E0%B8%A3%E0%B8%84-%E0%B8%AB%E0%B8%A5%E0%B8%AD%E0%B8%94%E0%B8%A2%E0%B8%B9%E0%B8%A7%E0%B8%B5-%E0%B9%81%E0%B8%9A%E0%B8%9A%E0%B8%AB%E0%B8%A5%E0%B8%AD%E0%B8%94%E0%B8%84%E0%B8%B9%E0%B9%88-%E0%B8%AB%E0%B8%A5%E0%B8%AD%E0%B8%94%E0%B8%95%E0%B8%B0%E0%B9%80%E0%B8%81%E0%B8%B5%E0%B8%A2%E0%B8%9A-%E0%B8%A2%E0%B8%B5%E0%B9%88%E0%B8%AB%E0%B9%89%E0%B8%AD-Bonetar-%E0%B8%9C%E0%B8%A5%E0%B8%B4%E0%B8%95%E0%B9%82%E0%B8%94%E0%B8%A2%E0%B8%9A%E0%B8%A3%E0%B8%B4%E0%B8%A9%E0%B8%B1%E0%B8%97-Creator-UV-%E0%B8%81%E0%B8%A5%E0%B9%88%E0%B8%AD%E0%B8%87%E0%B8%82%E0%B8%B2%E0%B8%A7-100w-i.121708710.15356222935?sp_atk=8732b914-1a8a-4252-ab88-5137c4e26bf7&xptdk=8732b914-1a8a-4252-ab88-5137c4e26bf7,100W หลอดยูวีฆ่าเชื้อโรค หลอดยูวี แบบหลอดคู่ หลอดตะเกียบ ยี่ห้อ Bonetar ผลิตโดยบริษัท Creator UV กล่องขาว 100w,5.0,กล่องฆ่าเชื้อโรค,Pets,Pet Accessories,Aquarium Needs,0,2023-03-04,16:38,071,5,คุณภาพ: ราคาถูกที่สุดสำหรับ 100WGood
25,https://shopee.co.th/%E0%B8%95%E0%B8%B9%E0%B9%89%E0%B8%84%E0%B8%A7%E0%B9%88%E0%B8%B3%E0%B8%88%E0%B8%B2%E0%B8%99-%E0%B8%97%E0%B8%B5%E0%B9%88%E0%B8%84%E0%B8%A7%E0%B9%88%E0%B8%B3%E0%B8%88%E0%B8%B2%E0%B8%99-%E0%B8%9E%E0%B8%A3%E0%B9%89%E0%B8%AD%E0%B8%A1%E0%B8%9D%E0%B8%B2%E0%B8%9B%E0%B8%B4%E0%B8%94-%E0%B8%A1%E0%B8%B5%E0%B8%A3%E0%B8%B0%E0%B8%9A%E0%B8%9A%E0%B8%86%E0%B9%88%E0%B8%B2%E0%B9%80%E0%B8%8A%E0%B8%B7%E0%B9%89%E0%B8%AD%E0%B9%82%E0%B8%A3%E0%B8%84%E0%B9%83%E0%B8%99%E0%B8%95%E0%B8%B1%E0%B8%A7-%E0%B8%81%E0%B8%A5%E0%B9%88%E0%B8%AD%E0%B8%87%E0%B9%80%E0%B8%81%E0%B9%87%E0%B8%9A%E0%B8%88%E0%B8%B2%E0%B8%99-%E0%B8%96%E0%B8%B2%E0%B8%94%E0%B8%84%E0%B8%A7%E0%B9%88%E0%B8%B3%E0%B8%88%E0%B8%B2%E0%B8%99-%E0%B8%8A%E0%B8%B1%E0%B9%89%E0%B8%99%E0%B8%84%E0%B8%A7%E0%B9%88%E0%B8%B3%E0%B8%88%E0%B8%B2%E0%B8%99-%E0%B8%8A%E0%B8%B1%E0%B9%89%E0%B8%99%E0%B8%A7%E0%B8%B2%E0%B8%87%E0%B8%88%E0%B8%B2%E0%B8%99-%E0%B8%96%E0%B8%B2%E0%B8%94%E0%B8%AA%E0%B8%B3%E0%B8%AB%E0%B8%A3%E0%B8%B1%E0%B8%9A%E0%B8%84%E0%B8%A7%E0%B9%88%E0%B8%B3%E0%B8%88%E0%B8%B2%E0%B8%99-i.178829672.4407335370?sp_atk=c2a622ed-6de6-40b5-b0fe-88313e6b9f27&xptdk=c2a622ed-6de6-40b5-b0fe-88313e6b9f27,ตู้คว่ำจาน ที่คว่ำจาน พร้อมฝาปิด มีระบบฆ่าเชื้อโรคในตัว กล่องเก็บจาน ถาดคว่ำจาน ชั้นคว่ำจาน ชั้นวางจาน ถาดสำหรับคว่ำจาน,4.0,กล่องฆ่าเชื้อโรค,Home & Living,Kitchen & Dining Room,Kitchen Racks,182,2023-02-13,10:50,0,5,การออกแบบ: ได้รับสินค้าแล้วรวดเร็วดี ตรงตามปก
27,https://shopee.co.th/%E0%B8%95%E0%B8%B9%E0%B9%89%E0%B8%84%E0%B8%A7%E0%B9%88%E0%B8%B3%E0%B8%88%E0%B8%B2%E0%B8%99-%E0%B8%97%E0%B8%B5%E0%B9%88%E0%B8%84%E0%B8%A7%E0%B9%88%E0%B8%B3%E0%B8%88%E0%B8%B2%E0%B8%99-%E0%B8%9E%E0%B8%A3%E0%B9%89%E0%B8%AD%E0%B8%A1%E0%B8%9D%E0%B8%B2%E0%B8%9B%E0%B8%B4%E0%B8%94-%E0%B8%A1%E0%B8%B5%E0%B8%A3%E0%B8%B0%E0%B8%9A%E0%B8%9A%E0%B8%86%E0%B9%88%E0%B8%B2%E0%B9%80%E0%B8%8A%E0%B8%B7%E0%B9%89%E0%B8%AD%E0%B9%82%E0%B8%A3%E0%B8%84%E0%B9%83%E0%B8%99%E0%B8%95%E0%B8%B1%E0%B8%A7-%E0%B8%81%E0%B8%A5%E0%B9%88%E0%B8%AD%E0%B8%87%E0%B9%80%E0%B8%81%E0%B9%87%E0%B8%9A%E0%B8%88%E0%B8%B2%E0%B8%99-%E0%B8%96%E0%B8%B2%E0%B8%94%E0%B8%84%E0%B8%A7%E0%B9%88%E0%B8%B3%E0%B8%88%E0%B8%B2%E0%B8%99-%E0%B8%8A%E0%B8%B1%E0%B9%89%E0%B8%99%E0%B8%84%E0%B8%A7%E0%B9%88%E0%B8%B3%E0%B8%88%E0%B8%B2%E0%B8%99-%E0%B8%8A%E0%B8%B1%E0%B9%89%E0%B8%99%E0%B8%A7%E0%B8%B2%E0%B8%87%E0%B8%88%E0%B8%B2%E0%B8%99-%E0%B8%96%E0%B8%B2%E0%B8%94%E0%B8%AA%E0%B8%B3%E0%B8%AB%E0%B8%A3%E0%B8%B1%E0%B8%9A%E0%B8%84-i.178829672.4654157430?sp_atk=d29b0d32-295a-45bc-94b4-1475de5df1f1&xptdk=d29b0d32-295a-45bc-94b4-1475de5df1f1,ตู้คว่ำจาน ที่คว่ำจาน พร้อมฝาปิด มีระบบฆ่าเชื้อโรคในตัว กล่องเก็บจาน ถาดคว่ำจาน ชั้นคว่ำจาน ชั้นวางจาน ถาดสำหรับค,4.5,กล่องฆ่าเชื้อโรค,Home & Living,Kitchen & Dining Room,Kitchen Racks,301,2023-01-22,01:28,0,4,สินค้าส่งไว แต่บุบมาก ดีที่หน้าปัดไม่แตก และยังใช้งานได้ เข้าใจเรื่องการขนส่ง เลยไม่เปลี่่ยน หัก 1 ดาวเพราะของบุบ ปุุ่มหมุนตั้งเวลาหลวม หมุนปรับต้องดูจังหวะ
34,https://shopee.co.th/%E0%B9%80%E0%B8%84%E0%B8%A3%E0%B8%B7%E0%B9%88%E0%B8%AD%E0%B8%87%E0%B8%99%E0%B8%B6%E0%B9%88%E0%B8%87%E0%B8%82%E0%B8%A7%E0%B8%94%E0%B8%99%E0%B8%A1%E0%B8%9E%E0%B8%A3%E0%B9%89%E0%B8%AD%E0%B8%A1%E0%B8%AD%E0%B8%9A%E0%B9%81%E0%B8%AB%E0%B9%89%E0%B8%87-%E0%B8%AD%E0%B8%B8%E0%B8%9B%E0%B8%81%E0%B8%A3%E0%B8%93%E0%B9%8C%E0%B8%86%E0%B9%88%E0%B8%B2%E0%B9%80%E0%B8%8A%E0%B8%B7%E0%B9%89%E0%B8%AD-%E0%B9%80%E0%B8%84%E0%B8%A3%E0%B8%B7%E0%B9%88%E0%B8%AD%E0%B8%87%E0%B8%99%E0%B8%B6%E0%B9%88%E0%B8%87%E0%B8%82%E0%B8%A7%E0%B8%94-%E0%B9%80%E0%B8%84%E0%B8%A3%E0%B8%B7%E0%B9%88%E0%B8%AD%E0%B8%87%E0%B8%99%E0%B8%B6%E0%B9%88%E0%B8%87%E0%B8%82%E0%B8%A7%E0%B8%94%E0%B8%99%E0%B8%A1%E0%B8%86%E0%B9%88%E0%B8%B2%E0%B9%80%E0%B8%8A%E0%B8%B7%E0%B9%89%E0%B8%AD-%E0%B8%81%E0%B8%A5%E0%B9%88%E0%B8%AD%E0%B8%87%E0%B8%86%E0%B9%88%E0%B8%B2%E0%B9%80%E0%B8%8A%E0%B8%B7%E0%B9%89%E0%B8%AD-%E0%B8%86%E0%B9%88%E0%B8%B2%E0%B9%80%E0%B8%8A%E0%B8%B7%E0%B9%89%E0%B8%AD%E0%B9%82%E0%B8%A3%E0%B8%84-99.9--i.908475239.22123215640?sp_atk=4ab7a3ff-54a7-40e1-93a8-530c5bb15f9c&xptdk=4ab7a3ff-54a7-40e1-93a8-530c5bb15f9c,เครื่องนึ่งขวดนมพร้อมอบแห้ง อุปกรณ์ฆ่าเชื้อ เครื่องนึ่งขวด เครื่องนึ่งขวดนมฆ่าเชื้อ กล่องฆ่าเชื้อ ฆ่าเชื้อโรค 99.9%,5.0,กล่องฆ่าเชื้อโรค,Baby & Toys,Baby Equipment,Warmers & Sterilizers,30,2023-02-15,10:13,0,5,"สินค้าดีจัดส่งไว...สินค้าดีจัดส่งไว...สินค้าดีจัดส่งไว
สินค้าดีจัดส่งไว..สินค้าดีจัดส่งไว"
34,https://shopee.co.th/%E0%B9%80%E0%B8%84%E0%B8%A3%E0%B8%B7%E0%B9%88%E0%B8%AD%E0%B8%87%E0%B8%99%E0%B8%B6%E0%B9%88%E0%B8%87%E0%B8%82%E0%B8%A7%E0%B8%94%E0%B8%99%E0%B8%A1%E0%B8%9E%E0%B8%A3%E0%B9%89%E0%B8%AD%E0%B8%A1%E0%B8%AD%E0%B8%9A%E0%B9%81%E0%B8%AB%E0%B9%89%E0%B8%87-%E0%B8%AD%E0%B8%B8%E0%B8%9B%E0%B8%81%E0%B8%A3%E0%B8%93%E0%B9%8C%E0%B8%86%E0%B9%88%E0%B8%B2%E0%B9%80%E0%B8%8A%E0%B8%B7%E0%B9%89%E0%B8%AD-%E0%B9%80%E0%B8%84%E0%B8%A3%E0%B8%B7%E0%B9%88%E0%B8%AD%E0%B8%87%E0%B8%99%E0%B8%B6%E0%B9%88%E0%B8%87%E0%B8%82%E0%B8%A7%E0%B8%94-%E0%B9%80%E0%B8%84%E0%B8%A3%E0%B8%B7%E0%B9%88%E0%B8%AD%E0%B8%87%E0%B8%99%E0%B8%B6%E0%B9%88%E0%B8%87%E0%B8%82%E0%B8%A7%E0%B8%94%E0%B8%99%E0%B8%A1%E0%B8%86%E0%B9%88%E0%B8%B2%E0%B9%80%E0%B8%8A%E0%B8%B7%E0%B9%89%E0%B8%AD-%E0%B8%81%E0%B8%A5%E0%B9%88%E0%B8%AD%E0%B8%87%E0%B8%86%E0%B9%88%E0%B8%B2%E0%B9%80%E0%B8%8A%E0%B8%B7%E0%B9%89%E0%B8%AD-%E0%B8%86%E0%B9%88%E0%B8%B2%E0%B9%80%E0%B8%8A%E0%B8%B7%E0%B9%89%E0%B8%AD%E0%B9%82%E0%B8%A3%E0%B8%84-99.9--i.908475239.22123215640?sp_atk=4ab7a3ff-54a7-40e1-93a8-530c5bb15f9c&xptdk=4ab7a3ff-54a7-40e1-93a8-530c5bb15f9c,เครื่องนึ่งขวดนมพร้อมอบแห้ง อุปกรณ์ฆ่าเชื้อ เครื่องนึ่งขวด เครื่องนึ่งขวดนมฆ่าเชื้อ กล่องฆ่าเชื้อ ฆ่าเชื้อโรค 99.9%,5.0,กล่องฆ่าเชื้อโรค,Baby & Toys,Baby Equipment,Warmers & Sterilizers,30,2023-03-25,10:17,0,5,ดีเลิศ อบแห้ง ใช้งานได้เลย สุดยอดค่ะ
34,https://shopee.co.th/%E0%B9%80%E0%B8%84%E0%B8%A3%E0%B8%B7%E0%B9%88%E0%B8%AD%E0%B8%87%E0%B8%99%E0%B8%B6%E0%B9%88%E0%B8%87%E0%B8%82%E0%B8%A7%E0%B8%94%E0%B8%99%E0%B8%A1%E0%B8%9E%E0%B8%A3%E0%B9%89%E0%B8%AD%E0%B8%A1%E0%B8%AD%E0%B8%9A%E0%B9%81%E0%B8%AB%E0%B9%89%E0%B8%87-%E0%B8%AD%E0%B8%B8%E0%B8%9B%E0%B8%81%E0%B8%A3%E0%B8%93%E0%B9%8C%E0%B8%86%E0%B9%88%E0%B8%B2%E0%B9%80%E0%B8%8A%E0%B8%B7%E0%B9%89%E0%B8%AD-%E0%B9%80%E0%B8%84%E0%B8%A3%E0%B8%B7%E0%B9%88%E0%B8%AD%E0%B8%87%E0%B8%99%E0%B8%B6%E0%B9%88%E0%B8%87%E0%B8%82%E0%B8%A7%E0%B8%94-%E0%B9%80%E0%B8%84%E0%B8%A3%E0%B8%B7%E0%B9%88%E0%B8%AD%E0%B8%87%E0%B8%99%E0%B8%B6%E0%B9%88%E0%B8%87%E0%B8%82%E0%B8%A7%E0%B8%94%E0%B8%99%E0%B8%A1%E0%B8%86%E0%B9%88%E0%B8%B2%E0%B9%80%E0%B8%8A%E0%B8%B7%E0%B9%89%E0%B8%AD-%E0%B8%81%E0%B8%A5%E0%B9%88%E0%B8%AD%E0%B8%87%E0%B8%86%E0%B9%88%E0%B8%B2%E0%B9%80%E0%B8%8A%E0%B8%B7%E0%B9%89%E0%B8%AD-%E0%B8%86%E0%B9%88%E0%B8%B2%E0%B9%80%E0%B8%8A%E0%B8%B7%E0%B9%89%E0%B8%AD%E0%B9%82%E0%B8%A3%E0%B8%84-99.9--i.908475239.22123215640?sp_atk=4ab7a3ff-54a7-40e1-93a8-530c5bb15f9c&xptdk=4ab7a3ff-54a7-40e1-93a8-530c5bb15f9c,เครื่องนึ่งขวดนมพร้อมอบแห้ง อุปกรณ์ฆ่าเชื้อ เครื่องนึ่งขวด เครื่องนึ่งขวดนมฆ่าเชื้อ กล่องฆ่าเชื้อ ฆ่าเชื้อโรค 99.9%,5.0,กล่องฆ่าเชื้อโรค,Baby & Toys,Baby Equipment,Warmers & Sterilizers,30,2023-02-20,16:15,0,5,ดี แจ๋งเลยค่าาาาาาา
34,https://shopee.co.th/%E0%B9%80%E0%B8%84%E0%B8%A3%E0%B8%B7%E0%B9%88%E0%B8%AD%E0%B8%87%E0%B8%99%E0%B8%B6%E0%B9%88%E0%B8%87%E0%B8%82%E0%B8%A7%E0%B8%94%E0%B8%99%E0%B8%A1%E0%B8%9E%E0%B8%A3%E0%B9%89%E0%B8%AD%E0%B8%A1%E0%B8%AD%E0%B8%9A%E0%B9%81%E0%B8%AB%E0%B9%89%E0%B8%87-%E0%B8%AD%E0%B8%B8%E0%B8%9B%E0%B8%81%E0%B8%A3%E0%B8%93%E0%B9%8C%E0%B8%86%E0%B9%88%E0%B8%B2%E0%B9%80%E0%B8%8A%E0%B8%B7%E0%B9%89%E0%B8%AD-%E0%B9%80%E0%B8%84%E0%B8%A3%E0%B8%B7%E0%B9%88%E0%B8%AD%E0%B8%87%E0%B8%99%E0%B8%B6%E0%B9%88%E0%B8%87%E0%B8%82%E0%B8%A7%E0%B8%94-%E0%B9%80%E0%B8%84%E0%B8%A3%E0%B8%B7%E0%B9%88%E0%B8%AD%E0%B8%87%E0%B8%99%E0%B8%B6%E0%B9%88%E0%B8%87%E0%B8%82%E0%B8%A7%E0%B8%94%E0%B8%99%E0%B8%A1%E0%B8%86%E0%B9%88%E0%B8%B2%E0%B9%80%E0%B8%8A%E0%B8%B7%E0%B9%89%E0%B8%AD-%E0%B8%81%E0%B8%A5%E0%B9%88%E0%B8%AD%E0%B8%87%E0%B8%86%E0%B9%88%E0%B8%B2%E0%B9%80%E0%B8%8A%E0%B8%B7%E0%B9%89%E0%B8%AD-%E0%B8%86%E0%B9%88%E0%B8%B2%E0%B9%80%E0%B8%8A%E0%B8%B7%E0%B9%89%E0%B8%AD%E0%B9%82%E0%B8%A3%E0%B8%84-99.9--i.908475239.22123215640?sp_atk=4ab7a3ff-54a7-40e1-93a8-530c5bb15f9c&xptdk=4ab7a3ff-54a7-40e1-93a8-530c5bb15f9c,เครื่องนึ่งขวดนมพร้อมอบแห้ง อุปกรณ์ฆ่าเชื้อ เครื่องนึ่งขวด เครื่องนึ่งขวดนมฆ่าเชื้อ กล่องฆ่าเชื้อ ฆ่าเชื้อโรค 99.9%,5.0,กล่องฆ่าเชื้อโรค,Baby & Toys,Baby Equipment,Warmers & Sterilizers,30,2023-02-22,10:44,0,5,หน้าตาดีมาก ถือโอกาสซื้อตอนงานอีเว้นท์ ลองอบแห้งครั้งหนึ่งแล้วไม่มีหยดน้ํา เช็ดแชสซีตามคําแนะนํา ไม่มีขี้น้ํา แม้ว่าตั้งใจจะเลี้ยงลูกด้วยนมแม่ แต่การฆ่าชื้อเป็นสิ่งที่ขาดไม่ได้ ต่อไปสามารถฆ่าเชื้อช้อนส้อมและของเล่นได้
34,https://shopee.co.th/%E0%B9%80%E0%B8%84%E0%B8%A3%E0%B8%B7%E0%B9%88%E0%B8%AD%E0%B8%87%E0%B8%99%E0%B8%B6%E0%B9%88%E0%B8%87%E0%B8%82%E0%B8%A7%E0%B8%94%E0%B8%99%E0%B8%A1%E0%B8%9E%E0%B8%A3%E0%B9%89%E0%B8%AD%E0%B8%A1%E0%B8%AD%E0%B8%9A%E0%B9%81%E0%B8%AB%E0%B9%89%E0%B8%87-%E0%B8%AD%E0%B8%B8%E0%B8%9B%E0%B8%81%E0%B8%A3%E0%B8%93%E0%B9%8C%E0%B8%86%E0%B9%88%E0%B8%B2%E0%B9%80%E0%B8%8A%E0%B8%B7%E0%B9%89%E0%B8%AD-%E0%B9%80%E0%B8%84%E0%B8%A3%E0%B8%B7%E0%B9%88%E0%B8%AD%E0%B8%87%E0%B8%99%E0%B8%B6%E0%B9%88%E0%B8%87%E0%B8%82%E0%B8%A7%E0%B8%94-%E0%B9%80%E0%B8%84%E0%B8%A3%E0%B8%B7%E0%B9%88%E0%B8%AD%E0%B8%87%E0%B8%99%E0%B8%B6%E0%B9%88%E0%B8%87%E0%B8%82%E0%B8%A7%E0%B8%94%E0%B8%99%E0%B8%A1%E0%B8%86%E0%B9%88%E0%B8%B2%E0%B9%80%E0%B8%8A%E0%B8%B7%E0%B9%89%E0%B8%AD-%E0%B8%81%E0%B8%A5%E0%B9%88%E0%B8%AD%E0%B8%87%E0%B8%86%E0%B9%88%E0%B8%B2%E0%B9%80%E0%B8%8A%E0%B8%B7%E0%B9%89%E0%B8%AD-%E0%B8%86%E0%B9%88%E0%B8%B2%E0%B9%80%E0%B8%8A%E0%B8%B7%E0%B9%89%E0%B8%AD%E0%B9%82%E0%B8%A3%E0%B8%84-99.9--i.908475239.22123215640?sp_atk=4ab7a3ff-54a7-40e1-93a8-530c5bb15f9c&xptdk=4ab7a3ff-54a7-40e1-93a8-530c5bb15f9c,เครื่องนึ่งขวดนมพร้อมอบแห้ง อุปกรณ์ฆ่าเชื้อ เครื่องนึ่งขวด เครื่องนึ่งขวดนมฆ่าเชื้อ กล่องฆ่าเชื้อ ฆ่าเชื้อโรค 99.9%,5.0,กล่องฆ่าเชื้อโรค,Baby & Toys,Baby Equipment,Warmers & Sterilizers,30,2023-02-23,11:01,0,5,ใช้ดีมากร้อนเร็วทำงานได้ดีทำงานอัตโนมัติฆ่าเชื้อให้แล้วก็เป่าอบแห้งให้ด้วยไม่ต้องทำอะไรมันเลยมันทำเองอัตโนมัติดีมากใช้งานง่ายแค่เพียงกดเริ่มถือว่าสินค้า OK
34,https://shopee.co.th/%E0%B9%80%E0%B8%84%E0%B8%A3%E0%B8%B7%E0%B9%88%E0%B8%AD%E0%B8%87%E0%B8%99%E0%B8%B6%E0%B9%88%E0%B8%87%E0%B8%82%E0%B8%A7%E0%B8%94%E0%B8%99%E0%B8%A1%E0%B8%9E%E0%B8%A3%E0%B9%89%E0%B8%AD%E0%B8%A1%E0%B8%AD%E0%B8%9A%E0%B9%81%E0%B8%AB%E0%B9%89%E0%B8%87-%E0%B8%AD%E0%B8%B8%E0%B8%9B%E0%B8%81%E0%B8%A3%E0%B8%93%E0%B9%8C%E0%B8%86%E0%B9%88%E0%B8%B2%E0%B9%80%E0%B8%8A%E0%B8%B7%E0%B9%89%E0%B8%AD-%E0%B9%80%E0%B8%84%E0%B8%A3%E0%B8%B7%E0%B9%88%E0%B8%AD%E0%B8%87%E0%B8%99%E0%B8%B6%E0%B9%88%E0%B8%87%E0%B8%82%E0%B8%A7%E0%B8%94-%E0%B9%80%E0%B8%84%E0%B8%A3%E0%B8%B7%E0%B9%88%E0%B8%AD%E0%B8%87%E0%B8%99%E0%B8%B6%E0%B9%88%E0%B8%87%E0%B8%82%E0%B8%A7%E0%B8%94%E0%B8%99%E0%B8%A1%E0%B8%86%E0%B9%88%E0%B8%B2%E0%B9%80%E0%B8%8A%E0%B8%B7%E0%B9%89%E0%B8%AD-%E0%B8%81%E0%B8%A5%E0%B9%88%E0%B8%AD%E0%B8%87%E0%B8%86%E0%B9%88%E0%B8%B2%E0%B9%80%E0%B8%8A%E0%B8%B7%E0%B9%89%E0%B8%AD-%E0%B8%86%E0%B9%88%E0%B8%B2%E0%B9%80%E0%B8%8A%E0%B8%B7%E0%B9%89%E0%B8%AD%E0%B9%82%E0%B8%A3%E0%B8%84-99.9--i.908475239.22123215640?sp_atk=4ab7a3ff-54a7-40e1-93a8-530c5bb15f9c&xptdk=4ab7a3ff-54a7-40e1-93a8-530c5bb15f9c,เครื่องนึ่งขวดนมพร้อมอบแห้ง อุปกรณ์ฆ่าเชื้อ เครื่องนึ่งขวด เครื่องนึ่งขวดนมฆ่าเชื้อ กล่องฆ่าเชื้อ ฆ่าเชื้อโรค 99.9%,5.0,กล่องฆ่าเชื้อโรค,Baby & Toys,Baby Equipment,Warmers & Sterilizers,30,2023-02-24,20:47,0,5,WHALE LOVE เป็นแบรนด์ที่น่าเชื่อถือมาโดยตลอด ฝีมือและวัสดุได้รับการรับรองระดับสากล การออกแบบหลายชั้น ยังสามารถนึ่งไข่และนมอุ่น อบแห้งและฆ่าเชื้อในหนึ่งเดียว สะดวกมาก
